<?xml version="1.0" encoding="UTF-8"?>
<beans:beans xmlns="http://www.springframework.org/schema/mvc"
	xmlns:xsi="http://www.w3.org/2001/XMLSchema-instance"
	xmlns:beans="http://www.springframework.org/schema/beans"
	xmlns:context="http://www.springframework.org/schema/context"
	xsi:schemaLocation="http://www.springframework.org/schema/mvc http://www.springframework.org/schema/mvc/spring-mvc.xsd
		http://www.springframework.org/schema/beans http://www.springframework.org/schema/beans/spring-beans.xsd
		http://www.springframework.org/schema/context http://www.springframework.org/schema/context/spring-context.xsd">

	<!-- DispatcherServlet Context: defines this servlet's request-processing infrastructure -->
	
	<!-- Enables the Spring MVC @Controller programming model -->
	<annotation-driven />

	<!-- Handles HTTP GET requests for /resources/** by efficiently serving up static resources in the ${webappRoot}/resources directory -->
	<resources mapping="/resources/**" location="/resources/" />

	<!-- Resolves views selected for rendering by @Controllers to .jsp resources in the /WEB-INF/views directory -->
	<beans:bean class="org.springframework.web.servlet.view.InternalResourceViewResolver">
		<beans:property name="prefix" value="/WEB-INF/views/" />
		<beans:property name="suffix" value=".jsp" />
	</beans:bean>
	
	<context:component-scan base-package="me.hindoong.book" />
	
	<!-- 인터셉터를 빈으로 등록 -->
	<beans:bean id="LoginInterceptor" class="me.hindoong.book.interceptor.LoginInterceptor">
	</beans:bean>
	
	<!-- 인터셉터 설정 -->
	<interceptors>
		<interceptor>
			<mapping path="/book/insertReview"/>
			<mapping path="/book/insertBookHit"/>
			<mapping path="/book/selectBookHit"/>
			<mapping path="/sentence/insertSentence"/>
			<mapping path="/sentence/insertSentenceHit"/>
			<mapping path="/sentence/selectSentenceHit"/>
			<mapping path="/member/myPage"/>
			<mapping path="/member/admin"/>
			<mapping path="/board/write"/>
			<mapping path="/board/update"/>
			<mapping path="/board/insertBoard"/>
			<mapping path="/board/updateBoard"/>
			<mapping path="/board/deleteBoard"/>
			<mapping path="/board/insertReply"/>
			
			<beans:ref bean="LoginInterceptor"/>
		</interceptor>
	</interceptors>	
	
</beans:beans>
