<?xml version="1.0" encoding="UTF-8"?>
<!DOCTYPE mapper PUBLIC "-//mybatis.org//DTD Mapper 3.0//EN"
  "http://mybatis.org/dtd/mybatis-3-mapper.dtd">
  
<mapper namespace="me.hindoong.book.service.BookReviewMapper">

	<!-- 리뷰 등록 -->
	<insert id="insertBookReview" parameterType="bookreview">
	insert into bookreview(
		userEmail
		, isbn
		, rate
		<if test="text != null">
		, text
		</if>
	)values(
		#{userEmail}
		, #{isbn}
		, #{rate}
		<if test="text != null">
		, #{text}
		</if>
	)
	</insert>
	
	<!-- 리뷰 가지고 오기.. -->
	<select id="selectBookReview" resultType="bookreview">
	select
		u.nickname
		, r.reviewNum
		, r.userEmail
		, r.isbn
		, r.text
		, r.rate
		, r.inputDate
	from
		(
		select
			reviewNum
			, userEmail
			, isbn
			, text
			, rate
			, inputDate
		from
			bookreview
		where
			<if test="searchOption == null">
			1 = 1
			</if>
			<if test="searchOption == 'isbn'">
			isbn = #{keyword}
			</if>
			<if test="searchOption == 'userEmail'">
			userEmail = #{keyword}
			</if>
		) r
	join
		(
		select
			userEmail
			, nickname
		from
			hamstermember
		) u
	on u.userEmail = r.userEmail
	order by
		<if test="orderOption == null">
		inputdate desc
		</if>
		<if test="orderOption == 'inputdate'">
		inputdate desc
		</if>
	LIMIT #{offset}, #{limit} 
	</select>

	<!-- 리뷰 총 개수 구하기 -->
	<select id="selectBookReviewCount" resultType="int">
	select
		count(*)
	from
		bookreview
	where
		<if test="searchOption == null">
		1 = 1
		</if>
		<if test="searchOption == 'isbn'">
		isbn = #{keyword}
		</if>
		<if test="searchOption == 'userEmail'">
		userEmail = #{keyword}
		</if>
	</select>
	
	<!-- 리뷰 수정(내용, 추천..) -->
	<update id="updateBookReview" parameterType="bookreview">
	update
		bookreview
	set
		rate = #{rate}
		<if test="text != null">
		, text = #{text}
		</if>
	where
		isbn = #{isbn}
	</update>	
	
</mapper>

