<?xml version="1.0" encoding="UTF-8" ?>
<!DOCTYPE configuration
  PUBLIC "-//mybatis.org//DTD Config 3.0//EN"
  "http://mybatis.org/dtd/mybatis-3-config.dtd">
<configuration>
	<typeAliases>
		<typeAlias type="me.hindoong.cafeteria.vo.CategoryVO" alias="category" />
		<typeAlias type="me.hindoong.cafeteria.vo.MenuVO" alias="menu" />
		<typeAlias type="me.hindoong.cafeteria.vo.CardVO" alias="card" />
		<typeAlias type="me.hindoong.cafeteria.vo.RateVO" alias="rate" />
		<typeAlias type="me.hindoong.cafeteria.vo.SetVO" alias="set" />
	</typeAliases>
	<mappers>
		<mapper resource="mappers/cardMapper.xml" />		
		<mapper resource="mappers/categoryMapper.xml" />
		<mapper resource="mappers/menuMapper.xml" />
		<mapper resource="mappers/rateMapper.xml" />
		<mapper resource="mappers/setMapper.xml" />
		<mapper resource="mappers/managerMapper.xml" />
	</mappers>
</configuration>