<?xml version="1.0" encoding="UTF-8" ?>
<!DOCTYPE mapper
  PUBLIC "-//mybatis.org//DTD Mapper 3.0//EN"
  "http://mybatis.org/dtd/mybatis-3-mapper.dtd">

<!-- card 처리 SQL -->
<mapper namespace="me.hindoong.cafeteria.dao.CardMapper">

	<!-- card 정보 저장 -->
	<insert id="insertCard" parameterType="card">
	INSERT INTO card (
		menunum
		<if test="#{cookdate} != null">
		, cookdate
		</if>
	)
	VALUES (
		#{menunum}
		<if test="#{cookdate} != null">
		, #{cookdate}
		</if>
	)
	</insert>
	
	<update id="updateCard" parameterType="card">
	UPDATE menu
	SET
		menunum = #{menunum}
		, cookdate = #{cookdate}
	WHERE cardnum = #{cardnum}	
	</update>
	
	<delete id="deleteCard">
	DELETE FROM card
	WHERE cookdate = #{cookdate}
	</delete>
	
	<select id="selectCardOne" resultType="card">
	SELECT *
	FROM card
	WHERE cardnum = #{cardnum}
	</select>
	
	<select id="selectCardList" resultType="card">
	SELECT
		cardnum
		, menunum
	FROM card
	WHERE cookdate = #{cookdate}
	</select>

</mapper>
