<?xml version="1.0" encoding="UTF-8" ?>
<!DOCTYPE mapper
  PUBLIC "-//mybatis.org//DTD Mapper 3.0//EN"
  "http://mybatis.org/dtd/mybatis-3-mapper.dtd">

<!-- Menu 처리 SQL -->
<mapper namespace="me.hindoong.cafeteria.dao.MenuMapper">

	<!-- Menu 정보 저장 -->
	<insert id="insertMenu" parameterType="menu">
	INSERT INTO menu (
		menunum
		,menuname
		,categorynum
	)
	VALUES (
		#{menunum}
		, #{menuname}
		, #{categorynum}
	)
	</insert>
	
	<update id="updateMenu" parameterType="menu">
	UPDATE menu
	SET
		menuname = #{menuname}
		, categorynum = #{categorynum}
	WHERE menunum = #{menunum}	
	</update>
	
	<delete id="deleteMenu">
	DELETE FROM menu
	WHERE menunum = #{menunum}
	</delete>
	
	<select id="selectMenuOne" resultType="menu">
	SELECT *
	FROM
		(
			SELECT *
			FROM menu m1
			NATURAL JOIN category c
			WHERE m1.menunum = #{menunum}
		) m2
	NATURAL JOIN
		(
			SELECT *
			FROM
				(
					SELECT *
					FROM (SELECT count(*) as total FROM rate WHERE menunum = #{menunum}) total
					JOIN (SELECT count(*) as good FROM rate WHERE menunum = #{menunum} AND rate = true) good
					)r
			JOIN
				(
					SELECT count(*)
					FROM card
					WHERE menunum = #{menunum}
				)c
		)rc
	</select>
	
	<select id="selectMenuList" resultType="menu">
	SELECT
		m2.menunum
		, m2.menuname
		, m2.categorynum
		, m2.categoryname
		, ifnull(r.good, 0) as good
		, ifnull(r.total, 0) as total
	FROM
		(
			SELECT *
			FROM
				(
				SELECT * FROM menu 
				WHERE 
					menuname LIKE CONCAT('%',#{menuname},'%')
				) m1
			LEFT JOIN
				category c
			USING (categorynum)
		) m2
	LEFT JOIN
		(
			SELECT *
			FROM
				(
					SELECT menunum, count(*) as total
					FROM rate
					GROUP BY menunum
				) total
			JOIN
				(
					SELECT menunum, count(*) as good
					FROM rate
					WHERE
						rate = true
					GROUP BY menunum
				) good
			USING (menunum)
		)r
	USING (menunum)
	ORDER BY menuname
	</select>	

</mapper>
