<?xml version="1.0" encoding="UTF-8" ?>
<!DOCTYPE mapper
  PUBLIC "-//mybatis.org//DTD Mapper 3.0//EN"
  "http://mybatis.org/dtd/mybatis-3-mapper.dtd">

<!-- rate 처리 SQL -->
<mapper namespace="me.hindoong.cafeteria.dao.RateMapper">

	<!-- rate 저장 -->
	<insert id="insertRate" parameterType="rate">
	INSERT INTO rate (
		menunum
		, rate
		, memberemail
	)
	VALUES (
		#{menunum}
		, #{rate}
		, #{memberemail}
	)
	</insert>
	
	<update id="updateRate" parameterType="rate">
	UPDATE rate
	SET
		menunum = #{menunum}
		, rate = #{rate}
		, memberemail = #{memberemail}
		, reatedate = #{ratedate}
	WHERE ratenum = #{ratenum}	
	</update>
	
	<delete id="deleteRate">
	DELETE FROM rate
	WHERE ratenum = #{ratenum}
	</delete>
	
	<select id="selectRate" resultType="rate" parameterType="rate">
	SELECT *
	FROM rate
	WHERE	
		ratedate = #{ratedate} and memberemail = #{memberemail} and menunum = #{menunum} and rate = #{rate}
	</select>
	
</mapper>
